[
  {
    "icon": "fa fa-home",
    "slug": "external",
    "title": "Volver al inicio",
    "path": "index.html"
  },  
  {
    "id": 1,
    "icon": "fa fa-play-circle",
    "slug": "teoria_color",
    "title": "1. Teoría del color",    
    "path": "pages/tema-1.html"    
  },
  {
    "id": 2,
    "icon": "fa fa-file-text",
    "slug": "modelos_color",
    "title": "1.1 Modelos de color",    
    "path": "pages/tema-1-1.html"    
  },
  {
    "id": 3,
    "icon": "fa fa-file-text",
    "slug": "propiedades_color",
    "title": "1.2 Propiedades del color",    
    "path": "pages/tema-1-2.html"    
  },
  {
    "id": 4,
    "icon": "fa fa-file-text",
    "slug": "circulo_cromatico",
    "title": "1.3 Circulo cromático",    
    "path": "pages/tema-1-3.html"    
  },
  {
    "id": 5,
    "icon": "fa fa-file-text",
    "slug": "armonia_color",
    "title": "1.4 Armonía del color",    
    "path": "pages/tema-1-4.html"    
  },
  {
    "id": 6,
    "icon": "fa fa-file-text",
    "slug": "psicologia_color",
    "title": "1.5. Psicología del color",    
    "path": "pages/tema-1-5.html"      
  },  
  {
    "id": 7,
    "icon": "fa fa-play-circle",
    "slug": "concept_art",
    "title": "2. Concept art",    
    "path": "pages/tema-2.html"      
  },  
  {
    "id": 8,
    "icon": "fa fa-file-text",
    "slug": "diseno_personajes",
    "title": "2.1 Diseño de personajes",    
    "path": "pages/tema-2-1.html"       
  },
  {
    "id": 9,
    "icon": "fa fa-file-text",
    "slug": "diseno_escenarios",
    "title": "2.2 Diseño de escenarios",    
    "path": "pages/tema-2-2.html"       
  }  
]